1,第01话,https://manhua.dmzj.com/lanqiufeirenquancai/12515.shtml
2,第02话,https://manhua.dmzj.com/lanqiufeirenquancai/12516.shtml
3,第03话,https://manhua.dmzj.com/lanqiufeirenquancai/12517.shtml
4,第04话,https://manhua.dmzj.com/lanqiufeirenquancai/12518.shtml
5,第05话,https://manhua.dmzj.com/lanqiufeirenquancai/12519.shtml
6,第06话,https://manhua.dmzj.com/lanqiufeirenquancai/12520.shtml
7,第07话,https://manhua.dmzj.com/lanqiufeirenquancai/12521.shtml
8,第08话,https://manhua.dmzj.com/lanqiufeirenquancai/12522.shtml
9,第09话,https://manhua.dmzj.com/lanqiufeirenquancai/12523.shtml
10,第10话,https://manhua.dmzj.com/lanqiufeirenquancai/12524.shtml
11,第11话,https://manhua.dmzj.com/lanqiufeirenquancai/12525.shtml
12,第12话,https://manhua.dmzj.com/lanqiufeirenquancai/12526.shtml
13,第13话,https://manhua.dmzj.com/lanqiufeirenquancai/12527.shtml
14,第14话,https://manhua.dmzj.com/lanqiufeirenquancai/12528.shtml
15,第15话,https://manhua.dmzj.com/lanqiufeirenquancai/12529.shtml
16,第16话,https://manhua.dmzj.com/lanqiufeirenquancai/12530.shtml
17,第17话,https://manhua.dmzj.com/lanqiufeirenquancai/12531.shtml
18,第18话,https://manhua.dmzj.com/lanqiufeirenquancai/12532.shtml
19,第19话,https://manhua.dmzj.com/lanqiufeirenquancai/12533.shtml
20,第20话,https://manhua.dmzj.com/lanqiufeirenquancai/12534.shtml
21,第21话,https://manhua.dmzj.com/lanqiufeirenquancai/12535.shtml
22,第22话,https://manhua.dmzj.com/lanqiufeirenquancai/12536.shtml
23,第23话,https://manhua.dmzj.com/lanqiufeirenquancai/12537.shtml
24,第24话,https://manhua.dmzj.com/lanqiufeirenquancai/12538.shtml
25,第25话,https://manhua.dmzj.com/lanqiufeirenquancai/12539.shtml
26,第26话,https://manhua.dmzj.com/lanqiufeirenquancai/12540.shtml
27,第27话,https://manhua.dmzj.com/lanqiufeirenquancai/13042.shtml
28,第28话,https://manhua.dmzj.com/lanqiufeirenquancai/24974.shtml
29,第29话,https://manhua.dmzj.com/lanqiufeirenquancai/24976.shtml
30,第30话,https://manhua.dmzj.com/lanqiufeirenquancai/24977.shtml
31,第31话,https://manhua.dmzj.com/lanqiufeirenquancai/24978.shtml
32,第32话,https://manhua.dmzj.com/lanqiufeirenquancai/24979.shtml
33,第33话,https://manhua.dmzj.com/lanqiufeirenquancai/24980.shtml
34,第34话,https://manhua.dmzj.com/lanqiufeirenquancai/24981.shtml
35,第35话,https://manhua.dmzj.com/lanqiufeirenquancai/24982.shtml
36,第36话,https://manhua.dmzj.com/lanqiufeirenquancai/24983.shtml
37,第37话,https://manhua.dmzj.com/lanqiufeirenquancai/24984.shtml
38,第38话,https://manhua.dmzj.com/lanqiufeirenquancai/24985.shtml
39,第39话,https://manhua.dmzj.com/lanqiufeirenquancai/24986.shtml
40,第40话,https://manhua.dmzj.com/lanqiufeirenquancai/24987.shtml
41,第41话,https://manhua.dmzj.com/lanqiufeirenquancai/24988.shtml
42,第42话,https://manhua.dmzj.com/lanqiufeirenquancai/24989.shtml
43,第43话,https://manhua.dmzj.com/lanqiufeirenquancai/24990.shtml
44,第44话,https://manhua.dmzj.com/lanqiufeirenquancai/24991.shtml
45,第45话,https://manhua.dmzj.com/lanqiufeirenquancai/24992.shtml
46,第46话,https://manhua.dmzj.com/lanqiufeirenquancai/24993.shtml
47,第47话,https://manhua.dmzj.com/lanqiufeirenquancai/24994.shtml
48,第48话,https://manhua.dmzj.com/lanqiufeirenquancai/24995.shtml
49,第49话,https://manhua.dmzj.com/lanqiufeirenquancai/24996.shtml
50,第50话,https://manhua.dmzj.com/lanqiufeirenquancai/24997.shtml
51,第51话,https://manhua.dmzj.com/lanqiufeirenquancai/24998.shtml
52,第52话,https://manhua.dmzj.com/lanqiufeirenquancai/24999.shtml
53,第53话,https://manhua.dmzj.com/lanqiufeirenquancai/25000.shtml
54,第54话,https://manhua.dmzj.com/lanqiufeirenquancai/25001.shtml
55,第55话,https://manhua.dmzj.com/lanqiufeirenquancai/25620.shtml
56,第56话,https://manhua.dmzj.com/lanqiufeirenquancai/25621.shtml
57,第57话,https://manhua.dmzj.com/lanqiufeirenquancai/35816.shtml
58,第58话,https://manhua.dmzj.com/lanqiufeirenquancai/35817.shtml
59,第59话,https://manhua.dmzj.com/lanqiufeirenquancai/35818.shtml
60,第60话,https://manhua.dmzj.com/lanqiufeirenquancai/35819.shtml
61,第61话,https://manhua.dmzj.com/lanqiufeirenquancai/35820.shtml
62,第62话,https://manhua.dmzj.com/lanqiufeirenquancai/35823.shtml
63,第63话,https://manhua.dmzj.com/lanqiufeirenquancai/35824.shtml
64,第64话,https://manhua.dmzj.com/lanqiufeirenquancai/35825.shtml
65,第65话,https://manhua.dmzj.com/lanqiufeirenquancai/35826.shtml
66,第66话,https://manhua.dmzj.com/lanqiufeirenquancai/35827.shtml
67,第67话,https://manhua.dmzj.com/lanqiufeirenquancai/35828.shtml
68,第68话,https://manhua.dmzj.com/lanqiufeirenquancai/35829.shtml
69,第69话,https://manhua.dmzj.com/lanqiufeirenquancai/35830.shtml
70,第70话,https://manhua.dmzj.com/lanqiufeirenquancai/35831.shtml
71,第71话,https://manhua.dmzj.com/lanqiufeirenquancai/35832.shtml
72,第72话,https://manhua.dmzj.com/lanqiufeirenquancai/41496.shtml
73,第73话,https://manhua.dmzj.com/lanqiufeirenquancai/41497.shtml
74,第74话,https://manhua.dmzj.com/lanqiufeirenquancai/41498.shtml
75,第75话,https://manhua.dmzj.com/lanqiufeirenquancai/41499.shtml
76,第76话,https://manhua.dmzj.com/lanqiufeirenquancai/41500.shtml
77,第77话,https://manhua.dmzj.com/lanqiufeirenquancai/45828.shtml
78,第78话,https://manhua.dmzj.com/lanqiufeirenquancai/45817.shtml
79,第79话,https://manhua.dmzj.com/lanqiufeirenquancai/45818.shtml
80,十日谈,https://manhua.dmzj.com/lanqiufeirenquancai/45815.shtml
